Category,File Name,Path,Status
grant_policies,"Accounts Receivable (BF-26, Rev. 1).pdf","data/raw\grant_policies\Accounts Receivable (BF-26, Rev. 1).pdf",Ready
grant_policies,"Budget Transfer and Amendment Policy (BF-7, Rev. 8).pdf","data/raw\grant_policies\Budget Transfer and Amendment Policy (BF-7, Rev. 8).pdf",Ready
grant_policies,"Grant Administration (BF-24, Rev. 2).pdf","data/raw\grant_policies\Grant Administration (BF-24, Rev. 2).pdf",Ready
2024,Ordinance No. 01-24.pdf,data/raw\ordinances\2024\Ordinance No. 01-24.pdf,Ready
2024,Ordinance No. 03-24.pdf,data/raw\ordinances\2024\Ordinance No. 03-24.pdf,Ready
2024,Ordinance No. 04-24.pdf,data/raw\ordinances\2024\Ordinance No. 04-24.pdf,Ready
2024,Ordinance No. 05-24.pdf,data/raw\ordinances\2024\Ordinance No. 05-24.pdf,Ready
2024,Ordinance No. 06-24.pdf,data/raw\ordinances\2024\Ordinance No. 06-24.pdf,Ready
2024,Ordinance No. 08-24.pdf,data/raw\ordinances\2024\Ordinance No. 08-24.pdf,Ready
2024,Ordinance No. 11-24.pdf,data/raw\ordinances\2024\Ordinance No. 11-24.pdf,Ready
2024,Ordinance No. 12-24.pdf,data/raw\ordinances\2024\Ordinance No. 12-24.pdf,Ready
2024,Ordinance No. 13-24.pdf,data/raw\ordinances\2024\Ordinance No. 13-24.pdf,Ready
2024,Ordinance No. 14-24.pdf,data/raw\ordinances\2024\Ordinance No. 14-24.pdf,Ready
2024,Ordinance No. 18-24.pdf,data/raw\ordinances\2024\Ordinance No. 18-24.pdf,Ready
2024,Ordinance No. 20-24.pdf,data/raw\ordinances\2024\Ordinance No. 20-24.pdf,Ready
2024,Ordinance No. 21-24.pdf,data/raw\ordinances\2024\Ordinance No. 21-24.pdf,Ready
2024,Ordinance No. 22-24.pdf,data/raw\ordinances\2024\Ordinance No. 22-24.pdf,Ready
2024,Ordinance No. 23-24.pdf,data/raw\ordinances\2024\Ordinance No. 23-24.pdf,Ready
2024,Ordinance No. 24-24.pdf,data/raw\ordinances\2024\Ordinance No. 24-24.pdf,Ready
2024,Ordinance No. 26-24.pdf,data/raw\ordinances\2024\Ordinance No. 26-24.pdf,Ready
2024,Ordinance No. 28-24.pdf,data/raw\ordinances\2024\Ordinance No. 28-24.pdf,Ready
2024,Ordinance No. 32-24.pdf,data/raw\ordinances\2024\Ordinance No. 32-24.pdf,Ready
2024,Ordinance No. 33-24.pdf,data/raw\ordinances\2024\Ordinance No. 33-24.pdf,Ready
2024,Ordinance No. 35-24.pdf,data/raw\ordinances\2024\Ordinance No. 35-24.pdf,Ready
2024,Ordinance No. 42-23.pdf,data/raw\ordinances\2024\Ordinance No. 42-23.pdf,Ready
2025,Ordinance No. 01-25.pdf,data/raw\ordinances\2025\Ordinance No. 01-25.pdf,Ready
2025,Ordinance No. 02-25.pdf,data/raw\ordinances\2025\Ordinance No. 02-25.pdf,Ready
2025,Ordinance No. 03-25.pdf,data/raw\ordinances\2025\Ordinance No. 03-25.pdf,Ready
2025,Ordinance No. 04-25.pdf,data/raw\ordinances\2025\Ordinance No. 04-25.pdf,Ready
2025,Ordinance No. 05-25.pdf,data/raw\ordinances\2025\Ordinance No. 05-25.pdf,Ready
2025,Ordinance No. 06-25.pdf,data/raw\ordinances\2025\Ordinance No. 06-25.pdf,Ready
2025,Ordinance No. 07-25.pdf,data/raw\ordinances\2025\Ordinance No. 07-25.pdf,Ready
2025,Ordinance No. 08-25.pdf,data/raw\ordinances\2025\Ordinance No. 08-25.pdf,Ready
2025,Ordinance No. 09-25.pdf,data/raw\ordinances\2025\Ordinance No. 09-25.pdf,Ready
2025,Ordinance No. 10-25.pdf,data/raw\ordinances\2025\Ordinance No. 10-25.pdf,Ready
2025,Ordinance No. 11-25.pdf,data/raw\ordinances\2025\Ordinance No. 11-25.pdf,Ready
2025,Ordinance No. 13-25.pdf,data/raw\ordinances\2025\Ordinance No. 13-25.pdf,Ready
2025,Ordinance No. 14-25.pdf,data/raw\ordinances\2025\Ordinance No. 14-25.pdf,Ready
2025,Ordinance No. 15-25.pdf,data/raw\ordinances\2025\Ordinance No. 15-25.pdf,Ready
2025,Ordinance No. 19-25.pdf,data/raw\ordinances\2025\Ordinance No. 19-25.pdf,Ready
2025,Ordinance No. 22-25.pdf,data/raw\ordinances\2025\Ordinance No. 22-25.pdf,Ready
2025,Ordinance No. 23-25.pdf,data/raw\ordinances\2025\Ordinance No. 23-25.pdf,Ready
2025,Ordinance No. 24-25.pdf,data/raw\ordinances\2025\Ordinance No. 24-25.pdf,Ready
2025,Ordinance No. 26-25.pdf,data/raw\ordinances\2025\Ordinance No. 26-25.pdf,Ready
2025,Ordinance No. 27-24.pdf,data/raw\ordinances\2025\Ordinance No. 27-24.pdf,Ready
2025,Ordinance No. 29-25.pdf,data/raw\ordinances\2025\Ordinance No. 29-25.pdf,Ready
2025,Ordinance No. 36-25.pdf,data/raw\ordinances\2025\Ordinance No. 36-25.pdf,Ready
2025,Ordinance No. 37-24.pdf,data/raw\ordinances\2025\Ordinance No. 37-24.pdf,Ready
2025,Ordinance No. 37-25.pdf,data/raw\ordinances\2025\Ordinance No. 37-25.pdf,Ready
2026,Ordinance No. 03-26.pdf,data/raw\ordinances\2026\Ordinance No. 03-26.pdf,Ready
2026,Ordinance No. 04-26.pdf,data/raw\ordinances\2026\Ordinance No. 04-26.pdf,Ready
2026,Ordinance No. 05-26.pdf,data/raw\ordinances\2026\Ordinance No. 05-26.pdf,Ready
2026,Ordinance No. 06-26.pdf,data/raw\ordinances\2026\Ordinance No. 06-26.pdf,Ready
2026,Ordinance No. 07-26.pdf,data/raw\ordinances\2026\Ordinance No. 07-26.pdf,Ready
2026,Ordinance No. 08-26.pdf,data/raw\ordinances\2026\Ordinance No. 08-26.pdf,Ready
2026,Ordinance No. 09-26.pdf,data/raw\ordinances\2026\Ordinance No. 09-26.pdf,Ready
2026,Ordinance No. 10-26.pdf,data/raw\ordinances\2026\Ordinance No. 10-26.pdf,Ready
2026,Ordinance No. 12-26.pdf,data/raw\ordinances\2026\Ordinance No. 12-26.pdf,Ready
2026,Ordinance No. 13-26.pdf,data/raw\ordinances\2026\Ordinance No. 13-26.pdf,Ready
2026,Ordinance No. 14-26.pdf,data/raw\ordinances\2026\Ordinance No. 14-26.pdf,Ready
2026,Ordinance No. 15-26.pdf,data/raw\ordinances\2026\Ordinance No. 15-26.pdf,Ready
2026,Ordinance No. 20-26.pdf,data/raw\ordinances\2026\Ordinance No. 20-26.pdf,Ready
2026,Ordinance No. 21-26.pdf,data/raw\ordinances\2026\Ordinance No. 21-26.pdf,Ready
2026,Ordinance No. 24-25 _Adopted in 2026.pdf,data/raw\ordinances\2026\Ordinance No. 24-25 _Adopted in 2026.pdf,Ready
2026,Ordinance No. 26-26.pdf,data/raw\ordinances\2026\Ordinance No. 26-26.pdf,Ready
2026,Ordinance No. 29-25 _ Adopted in 2026.pdf,data/raw\ordinances\2026\Ordinance No. 29-25 _ Adopted in 2026.pdf,Ready
2026,Ordinance No. 35-25 _ Adopted in 2026.pdf,data/raw\ordinances\2026\Ordinance No. 35-25 _ Adopted in 2026.pdf,Ready
2026,Ordinance No. 36-25 _ Adopted in 2026.pdf,data/raw\ordinances\2026\Ordinance No. 36-25 _ Adopted in 2026.pdf,Ready
